,,,,
target url,photo booth for rent near Culver City,,https://www.luckyfrogphotos.com/culvercityphotobooth.html,photo booth for rent near Culver City
folder top,photo booth for rent near Culver City,,https://drive.google.com/drive/folders/1lyiOePmQLgeyp8L6GdD53kTXSfhwGDrQ?usp=sharing,photo booth for rent near Culver City
rss feed,photo booth for rent near Culver City,,https://news.google.com/rss/search?q=videobooth,photo booth for rent near Culver City
folder articles,photo booth for rent near Culver City Articles,,https://drive.google.com/drive/folders/1geM8RYRnhwgJXe-CE3Npcvh9VaYgm5Od?usp=sharing,photo booth for rent near Culver City Articles
folder photos,photo booth for rent near Culver City Photos,,https://drive.google.com/drive/folders/1ya2t5ipCWpZR0d7WuhvAXD4PAEQtxTe8?usp=sharing,photo booth for rent near Culver City Photos
folder pdfs,photo booth for rent near Culver City PDFs,,https://drive.google.com/drive/folders/1rdu_imHfaUviSq7v142itVanHN3XRpLg?usp=sharing,photo booth for rent near Culver City PDFs
folder slides,photo booth for rent near Culver City Slides,,https://drive.google.com/drive/folders/17Q6psrg0u_iJ9RzIJNzokB-ITp_LMzeO?usp=sharing,photo booth for rent near Culver City Slides
photo,photo booth for rent near Culver City,,https://drive.google.com/file/d/1t33hvFbsi4sSFSNdR8g74m5ACVKQUi0g/view?usp=sharing,photo booth for rent near Culver City
photo,photo booth for rent near Culver City,,https://drive.google.com/file/d/1-bgEB03du93MjzZ1U_bkiROzwf4JmDmk/view?usp=sharing,photo booth for rent near Culver City
spreadsheet,photo booth for rent near Culver City,,https://docs.google.com/spreadsheets/d/1i-GQ5B8JUqhJaXgaPVdbBHSAxxKrbk3yuCfWg0-qL0c/edit?usp=sharing,photo booth for rent near Culver City
spreadsheet key,photo booth for rent near Culver City key,,https://docs.google.com/spreadsheet/pub?key=1i-GQ5B8JUqhJaXgaPVdbBHSAxxKrbk3yuCfWg0-qL0c,photo booth for rent near Culver City
spreadsheet pubhtml,photo booth for rent near Culver City pubhtml,,https://docs.google.com/spreadsheets/d/1i-GQ5B8JUqhJaXgaPVdbBHSAxxKrbk3yuCfWg0-qL0c/pubhtml,photo booth for rent near Culver City
spreadsheet pub,photo booth for rent near Culver City pub,,https://docs.google.com/spreadsheets/d/1i-GQ5B8JUqhJaXgaPVdbBHSAxxKrbk3yuCfWg0-qL0c/pub,photo booth for rent near Culver City
spreadsheet view,photo booth for rent near Culver City view,,https://docs.google.com/spreadsheets/d/1i-GQ5B8JUqhJaXgaPVdbBHSAxxKrbk3yuCfWg0-qL0c/view,photo booth for rent near Culver City
form,photo booth for rent near Culver City,,https://docs.google.com/forms/d/12lC8VLRgGsp9pGbbDtKurCpjmET84K2MmjcOL_o0sCw/edit?usp=sharing,photo booth for rent near Culver City
drawing,photo booth for rent near Culver City,,https://docs.google.com/drawings/d/136PzSLEZPzzaYxRiiDX6zTzw8cCXf3wsW5C8GgJVIzo/edit?usp=sharing,photo booth for rent near Culver City
image,CTA or Logo,,https://drive.google.com/file/d/1Ub_baxN1yIKa7z6PHbWKiQ5Hv3QmkYdb/view?usp=drivesdk,
image link,CTA or Logo - image link,,https://sites.google.com/view/culvercityphotoboothrentals/home,
document,photo booth for rent near Culver City,,https://docs.google.com/document/d/1rATw9R_Gx7NLNbNO8UdL10iAADSTjCQNgPxW8B-Z7_A/edit?usp=sharing,photo booth for rent near Culver City
document pub,photo booth for rent near Culver City pub,,https://docs.google.com/document/d/1rATw9R_Gx7NLNbNO8UdL10iAADSTjCQNgPxW8B-Z7_A/pub,photo booth for rent near Culver City
document view,photo booth for rent near Culver City view,,https://docs.google.com/document/d/1rATw9R_Gx7NLNbNO8UdL10iAADSTjCQNgPxW8B-Z7_A/view,photo booth for rent near Culver City
presentation,photo booth for rent near Culver City,,https://docs.google.com/presentation/d/1ARse9m3U75KwkzekT1PjyAHsSK-6HSkNEI8N0xtayJQ/edit?usp=sharing,photo booth for rent near Culver City
presentation pub,photo booth for rent near Culver City pub,,https://docs.google.com/presentation/d/1ARse9m3U75KwkzekT1PjyAHsSK-6HSkNEI8N0xtayJQ/pub?start=true&loop=true&delayms=3000,photo booth for rent near Culver City
presentation view,photo booth for rent near Culver City view,,https://docs.google.com/presentation/d/1ARse9m3U75KwkzekT1PjyAHsSK-6HSkNEI8N0xtayJQ/view,photo booth for rent near Culver City
presentation html,photo booth for rent near Culver City html,,https://docs.google.com/presentation/d/1ARse9m3U75KwkzekT1PjyAHsSK-6HSkNEI8N0xtayJQ/htmlpresent,photo booth for rent near Culver City
calendar,Calendar - photo booth for rent near Culver City,,https://calendar.google.com?cid=b273abbe21d10621bbf74926f261a31c1e90cccb8e8d3e20582541b05862000f@group.calendar.google.com,photo booth for rent near Culver City
Calendar - All Day Event,Calendar - photo booth for rent near Culver City - Event,,https://www.google.com/calendar/event?eid=NXZmc291YjFxanNjaHJ2cmUxdXNzMTlpdG8gYjI3M2FiYmUyMWQxMDYyMWJiZjc0OTI2ZjI2MWEzMWMxZTkwY2NjYjhlOGQzZTIwNTgyNTQxYjA1ODYyMDAwZkBncm91cC5jYWxlbmRhci5nb29nbGUuY29t,photo booth for rent near Culver City
Calendar - All Day Event,Calendar - photo booth for rent near Culver City - Event,,https://www.google.com/calendar/event?eid=cDQ1NjA4Z3NlY2FoOGpyNjJjZWtsOXBvaTAgYjI3M2FiYmUyMWQxMDYyMWJiZjc0OTI2ZjI2MWEzMWMxZTkwY2NjYjhlOGQzZTIwNTgyNTQxYjA1ODYyMDAwZkBncm91cC5jYWxlbmRhci5nb29nbGUuY29t,photo booth for rent near Culver City
Calendar - All Day Event,Calendar - photo booth for rent near Culver City - Event,,https://www.google.com/calendar/event?eid=bTk3Nm82NmJpZTY0ZGsxcWZ2bzI0cjE4bnMgYjI3M2FiYmUyMWQxMDYyMWJiZjc0OTI2ZjI2MWEzMWMxZTkwY2NjYjhlOGQzZTIwNTgyNTQxYjA1ODYyMDAwZkBncm91cC5jYWxlbmRhci5nb29nbGUuY29t,photo booth for rent near Culver City
Calendar - All Day Event,Calendar - photo booth for rent near Culver City - Event,,https://www.google.com/calendar/event?eid=ZGY3djY4YTBocm5uYWhtYzZxNWJyY2RyNGsgYjI3M2FiYmUyMWQxMDYyMWJiZjc0OTI2ZjI2MWEzMWMxZTkwY2NjYjhlOGQzZTIwNTgyNTQxYjA1ODYyMDAwZkBncm91cC5jYWxlbmRhci5nb29nbGUuY29t,photo booth for rent near Culver City
Calendar - All Day Event,Calendar - photo booth for rent near Culver City - Event,,https://www.google.com/calendar/event?eid=cTB2anRjcWtqZWM5cXVqZ2gyYm0xNnJiYTQgYjI3M2FiYmUyMWQxMDYyMWJiZjc0OTI2ZjI2MWEzMWMxZTkwY2NjYjhlOGQzZTIwNTgyNTQxYjA1ODYyMDAwZkBncm91cC5jYWxlbmRhci5nb29nbGUuY29t,photo booth for rent near Culver City
Calendar - All Day Event,Calendar - photo booth for rent near Culver City - Event,,https://www.google.com/calendar/event?eid=bWFjOTNvazhsOHVydTgzaHVzb3NkM2o1aDQgYjI3M2FiYmUyMWQxMDYyMWJiZjc0OTI2ZjI2MWEzMWMxZTkwY2NjYjhlOGQzZTIwNTgyNTQxYjA1ODYyMDAwZkBncm91cC5jYWxlbmRhci5nb29nbGUuY29t,photo booth for rent near Culver City
Calendar - All Day Event,Calendar - photo booth for rent near Culver City - Event,,https://www.google.com/calendar/event?eid=NGdhYWxhdnN1bTh2Ymg0b2lqdmQwcHNtcHMgYjI3M2FiYmUyMWQxMDYyMWJiZjc0OTI2ZjI2MWEzMWMxZTkwY2NjYjhlOGQzZTIwNTgyNTQxYjA1ODYyMDAwZkBncm91cC5jYWxlbmRhci5nb29nbGUuY29t,photo booth for rent near Culver City
Calendar - All Day Event,Calendar - photo booth for rent near Culver City - Event,,https://www.google.com/calendar/event?eid=OGl0NGlhcTYzMWJ1cW1oOWdobjJ0ZWNkaGcgYjI3M2FiYmUyMWQxMDYyMWJiZjc0OTI2ZjI2MWEzMWMxZTkwY2NjYjhlOGQzZTIwNTgyNTQxYjA1ODYyMDAwZkBncm91cC5jYWxlbmRhci5nb29nbGUuY29t,photo booth for rent near Culver City
Calendar - All Day Event,Calendar - photo booth for rent near Culver City - Event,,https://www.google.com/calendar/event?eid=Ym1lOXJyNmp1MGRsM3Zjdmg3YzJzNW0zb2cgYjI3M2FiYmUyMWQxMDYyMWJiZjc0OTI2ZjI2MWEzMWMxZTkwY2NjYjhlOGQzZTIwNTgyNTQxYjA1ODYyMDAwZkBncm91cC5jYWxlbmRhci5nb29nbGUuY29t,photo booth for rent near Culver City
Calendar - All Day Event,Calendar - photo booth for rent near Culver City - Event,,https://www.google.com/calendar/event?eid=ZTByYnFvN28zaDFsZWViYzdpYzByanIyZTAgYjI3M2FiYmUyMWQxMDYyMWJiZjc0OTI2ZjI2MWEzMWMxZTkwY2NjYjhlOGQzZTIwNTgyNTQxYjA1ODYyMDAwZkBncm91cC5jYWxlbmRhci5nb29nbGUuY29t,photo booth for rent near Culver City
Calendar - All Day Event,Calendar - photo booth for rent near Culver City - Event,,https://www.google.com/calendar/event?eid=NHQ0M25uZTNhdmpobWtudGg2bnByMWFtMGsgYjI3M2FiYmUyMWQxMDYyMWJiZjc0OTI2ZjI2MWEzMWMxZTkwY2NjYjhlOGQzZTIwNTgyNTQxYjA1ODYyMDAwZkBncm91cC5jYWxlbmRhci5nb29nbGUuY29t,photo booth for rent near Culver City
Calendar - All Day Event,Calendar - photo booth for rent near Culver City - Event,,https://www.google.com/calendar/event?eid=NG1hcmYzYWhta3M1NGZwZXVjdHFic2c2amMgYjI3M2FiYmUyMWQxMDYyMWJiZjc0OTI2ZjI2MWEzMWMxZTkwY2NjYjhlOGQzZTIwNTgyNTQxYjA1ODYyMDAwZkBncm91cC5jYWxlbmRhci5nb29nbGUuY29t,photo booth for rent near Culver City
Calendar - All Day Event,Calendar - photo booth for rent near Culver City - Event,,https://www.google.com/calendar/event?eid=ZGwyNmJvcjZuMGZlbTZ0cGdncm5lamE1Z3MgYjI3M2FiYmUyMWQxMDYyMWJiZjc0OTI2ZjI2MWEzMWMxZTkwY2NjYjhlOGQzZTIwNTgyNTQxYjA1ODYyMDAwZkBncm91cC5jYWxlbmRhci5nb29nbGUuY29t,photo booth for rent near Culver City
video,photo booth for rent near Culver City,,https://youtu.be/7LllWbcsav0,photo booth for rent near Culver City
video,photo booth for rent near Culver City,,https://youtu.be/gg9HqdfCNPU,photo booth for rent near Culver City
video,photo booth for rent near Culver City,,https://youtu.be/oqjwKz3NvlY,photo booth for rent near Culver City
video,photo booth for rent near Culver City,,https://youtu.be/sRroGoy86Gs,photo booth for rent near Culver City
video,photo booth for rent near Culver City,,https://youtu.be/qlzCxiTrIDk,photo booth for rent near Culver City
sheet,Sheet1,,https://docs.google.com/spreadsheets/d/1i-GQ5B8JUqhJaXgaPVdbBHSAxxKrbk3yuCfWg0-qL0c/edit#gid=0,photo booth for rent near Culver City Sheet1
sheet,Keywords,,https://docs.google.com/spreadsheets/d/1i-GQ5B8JUqhJaXgaPVdbBHSAxxKrbk3yuCfWg0-qL0c/edit#gid=1081067492,photo booth for rent near Culver City Keywords
sheet,Content,,https://docs.google.com/spreadsheets/d/1i-GQ5B8JUqhJaXgaPVdbBHSAxxKrbk3yuCfWg0-qL0c/edit#gid=1941641267,photo booth for rent near Culver City Content
sheet,Calendar Events,,https://docs.google.com/spreadsheets/d/1i-GQ5B8JUqhJaXgaPVdbBHSAxxKrbk3yuCfWg0-qL0c/edit#gid=251683407,photo booth for rent near Culver City Calendar Events
sheet,RSS Feeds,,https://docs.google.com/spreadsheets/d/1i-GQ5B8JUqhJaXgaPVdbBHSAxxKrbk3yuCfWg0-qL0c/edit#gid=406453205,photo booth for rent near Culver City RSS Feeds
folder HTML,photo booth for rent near Culver City HTML,,https://drive.google.com/drive/folders/13pJRsjVRCa4nFVLxdv7wdWKh4KcAhWzl?usp=sharing,photo booth for rent near Culver City HTML
HTML,photo booth for rent near Culver City.html,,https://drive.google.com/file/d/1tGXv7jkJZrbfObOuMcmZruCO6-VLQFXn/view?usp=sharing,photo booth for rent near Culver City.html
folder Microsoft Files,photo booth for rent near Culver City MSFT,,https://drive.google.com/drive/folders/12HUTB40d7vBGZdWR3Jpb6gA7gLVEqUgW?usp=sharing,photo booth for rent near Culver City MSFT
document,Selfie GIF booth rental West Hollywood,,https://docs.google.com/document/d/1pstn8Y_gL5uBVHV2emWjg0BlswXUiExcsWp6fg7bHgM/edit?usp=sharing,Selfie GIF booth rental West Hollywood
document pub,Selfie GIF booth rental West Hollywood pub,,https://docs.google.com/document/d/1pstn8Y_gL5uBVHV2emWjg0BlswXUiExcsWp6fg7bHgM/pub,Selfie GIF booth rental West Hollywood
document view,Selfie GIF booth rental West Hollywood view,,https://docs.google.com/document/d/1pstn8Y_gL5uBVHV2emWjg0BlswXUiExcsWp6fg7bHgM/view,Selfie GIF booth rental West Hollywood
document,VOGUE  booth rental Culver City,,https://docs.google.com/document/d/100uvaaG8i3cwvSzbIpdOfsQP46RjzJhtDv9HQP6c1BI/edit?usp=sharing,VOGUE  booth rental Culver City
document pub,VOGUE  booth rental Culver City pub,,https://docs.google.com/document/d/100uvaaG8i3cwvSzbIpdOfsQP46RjzJhtDv9HQP6c1BI/pub,VOGUE  booth rental Culver City
document view,VOGUE  booth rental Culver City view,,https://docs.google.com/document/d/100uvaaG8i3cwvSzbIpdOfsQP46RjzJhtDv9HQP6c1BI/view,VOGUE  booth rental Culver City
document,photo booth rental Culver City,,https://docs.google.com/document/d/1HgaYneq22idWSC-PjUXt5MH9zbMGrItbR5XqRyBylIY/edit?usp=sharing,photo booth rental Culver City
document pub,photo booth rental Culver City pub,,https://docs.google.com/document/d/1HgaYneq22idWSC-PjUXt5MH9zbMGrItbR5XqRyBylIY/pub,photo booth rental Culver City
document view,photo booth rental Culver City view,,https://docs.google.com/document/d/1HgaYneq22idWSC-PjUXt5MH9zbMGrItbR5XqRyBylIY/view,photo booth rental Culver City
link,photo booth for rent near Culver City,,https://sites.google.com/view/photoboothrentalalisoviejoca/home,photo booth for rent near Culver City
link,photo booth for rent near Culver City,,https://sites.google.com/view/irvinephotoboothrental/home,photo booth for rent near Culver City
link,photo booth for rent near Culver City,,https://sites.google.com/view/irvinephotoboothrental/photo-booth-rental-irvine,photo booth for rent near Culver City
link,photo booth for rent near Culver City,,https://sites.google.com/view/vogue-booth-rental-los-angeles/home,photo booth for rent near Culver City
link,photo booth for rent near Culver City,,https://sites.google.com/view/brea-photo-booth-rental/home,photo booth for rent near Culver City
document,photo booths rental Culver City,,https://docs.google.com/document/d/1K5jFySVLEO4SU62csTRyiPkICZ--GIryNYjgyugmc2M/edit?usp=sharing,photo booths rental Culver City
document pub,photo booths rental Culver City pub,,https://docs.google.com/document/d/1K5jFySVLEO4SU62csTRyiPkICZ--GIryNYjgyugmc2M/pub,photo booths rental Culver City
document view,photo booths rental Culver City view,,https://docs.google.com/document/d/1K5jFySVLEO4SU62csTRyiPkICZ--GIryNYjgyugmc2M/view,photo booths rental Culver City
document,photo booth rental in Culver City,,https://docs.google.com/document/d/1tfgLt1s3wLbphD_gJvANRwliRY5TTfXrPRNU1U0oS8w/edit?usp=sharing,photo booth rental in Culver City
document pub,photo booth rental in Culver City pub,,https://docs.google.com/document/d/1tfgLt1s3wLbphD_gJvANRwliRY5TTfXrPRNU1U0oS8w/pub,photo booth rental in Culver City
document view,photo booth rental in Culver City view,,https://docs.google.com/document/d/1tfgLt1s3wLbphD_gJvANRwliRY5TTfXrPRNU1U0oS8w/view,photo booth rental in Culver City
document,photo booth for rental in Culver City,,https://docs.google.com/document/d/1KpbkMTu222Y_rRG9YJbWlkstkSl8ZmPP9nAsG3URLoo/edit?usp=sharing,photo booth for rental in Culver City
document pub,photo booth for rental in Culver City pub,,https://docs.google.com/document/d/1KpbkMTu222Y_rRG9YJbWlkstkSl8ZmPP9nAsG3URLoo/pub,photo booth for rental in Culver City
document view,photo booth for rental in Culver City view,,https://docs.google.com/document/d/1KpbkMTu222Y_rRG9YJbWlkstkSl8ZmPP9nAsG3URLoo/view,photo booth for rental in Culver City
link,photo booth for rent near Culver City,,https://sites.google.com/view/photoboothrentalalisoviejoca/home,photo booth for rent near Culver City
link,photo booth for rent near Culver City,,https://sites.google.com/view/irvinephotoboothrental/home,photo booth for rent near Culver City
link,photo booth for rent near Culver City,,https://sites.google.com/view/irvinephotoboothrental/photo-booth-rental-irvine,photo booth for rent near Culver City
link,photo booth for rent near Culver City,,https://sites.google.com/view/vogue-booth-rental-los-angeles/home,photo booth for rent near Culver City
link,photo booth for rent near Culver City,,https://sites.google.com/view/brea-photo-booth-rental/home,photo booth for rent near Culver City
document,photobooth for rent Culver City,,https://docs.google.com/document/d/1a32qn4FrpITeqRazApWwf95En187eyg9srMOMGX8rg0/edit?usp=sharing,photobooth for rent Culver City
document pub,photobooth for rent Culver City pub,,https://docs.google.com/document/d/1a32qn4FrpITeqRazApWwf95En187eyg9srMOMGX8rg0/pub,photobooth for rent Culver City
document view,photobooth for rent Culver City view,,https://docs.google.com/document/d/1a32qn4FrpITeqRazApWwf95En187eyg9srMOMGX8rg0/view,photobooth for rent Culver City
document,rental photobooth Culver City,,https://docs.google.com/document/d/1nFuA5inkMk08kEu1ga3QqZpJljqK1FAUzHa9yoSC_Yo/edit?usp=sharing,rental photobooth Culver City
document pub,rental photobooth Culver City pub,,https://docs.google.com/document/d/1nFuA5inkMk08kEu1ga3QqZpJljqK1FAUzHa9yoSC_Yo/pub,rental photobooth Culver City
document view,rental photobooth Culver City view,,https://docs.google.com/document/d/1nFuA5inkMk08kEu1ga3QqZpJljqK1FAUzHa9yoSC_Yo/view,rental photobooth Culver City
document,rent photo booth Culver City,,https://docs.google.com/document/d/11wx5_prBzZuTO5ojntdoFddxfRa09lY-Nw-QiDCCdSs/edit?usp=sharing,rent photo booth Culver City
document pub,rent photo booth Culver City pub,,https://docs.google.com/document/d/11wx5_prBzZuTO5ojntdoFddxfRa09lY-Nw-QiDCCdSs/pub,rent photo booth Culver City
document view,rent photo booth Culver City view,,https://docs.google.com/document/d/11wx5_prBzZuTO5ojntdoFddxfRa09lY-Nw-QiDCCdSs/view,rent photo booth Culver City
link,photo booth for rent near Culver City,,https://sites.google.com/view/photoboothrentalalisoviejoca/home,photo booth for rent near Culver City
link,photo booth for rent near Culver City,,https://sites.google.com/view/irvinephotoboothrental/home,photo booth for rent near Culver City
link,photo booth for rent near Culver City,,https://sites.google.com/view/irvinephotoboothrental/photo-booth-rental-irvine,photo booth for rent near Culver City
link,photo booth for rent near Culver City,,https://sites.google.com/view/vogue-booth-rental-los-angeles/home,photo booth for rent near Culver City
link,photo booth for rent near Culver City,,https://sites.google.com/view/brea-photo-booth-rental/home,photo booth for rent near Culver City
document,rental photo booths Culver City,,https://docs.google.com/document/d/18Tkad7DE8zYoWTYl2DgF8QcC72BFabQA5RhC9IZZfkw/edit?usp=sharing,rental photo booths Culver City
document pub,rental photo booths Culver City pub,,https://docs.google.com/document/d/18Tkad7DE8zYoWTYl2DgF8QcC72BFabQA5RhC9IZZfkw/pub,rental photo booths Culver City
document view,rental photo booths Culver City view,,https://docs.google.com/document/d/18Tkad7DE8zYoWTYl2DgF8QcC72BFabQA5RhC9IZZfkw/view,rental photo booths Culver City
document,photobooth printing Culver City,,https://docs.google.com/document/d/1rgym_fzxunagpY2zspThNylCOrfw1S77IxtvqdS8XQk/edit?usp=sharing,photobooth printing Culver City
document pub,photobooth printing Culver City pub,,https://docs.google.com/document/d/1rgym_fzxunagpY2zspThNylCOrfw1S77IxtvqdS8XQk/pub,photobooth printing Culver City
document view,photobooth printing Culver City view,,https://docs.google.com/document/d/1rgym_fzxunagpY2zspThNylCOrfw1S77IxtvqdS8XQk/view,photobooth printing Culver City
document,rent photo booth Culver City,,https://docs.google.com/document/d/1wOank_Wyj5glzV18EY4B29-l4q46AKDeqlfUt60kOeA/edit?usp=sharing,rent photo booth Culver City
document pub,rent photo booth Culver City pub,,https://docs.google.com/document/d/1wOank_Wyj5glzV18EY4B29-l4q46AKDeqlfUt60kOeA/pub,rent photo booth Culver City
document view,rent photo booth Culver City view,,https://docs.google.com/document/d/1wOank_Wyj5glzV18EY4B29-l4q46AKDeqlfUt60kOeA/view,rent photo booth Culver City
link,photo booth for rent near Culver City,,https://sites.google.com/view/photoboothrentalalisoviejoca/home,photo booth for rent near Culver City
link,photo booth for rent near Culver City,,https://sites.google.com/view/irvinephotoboothrental/home,photo booth for rent near Culver City
link,photo booth for rent near Culver City,,https://sites.google.com/view/irvinephotoboothrental/photo-booth-rental-irvine,photo booth for rent near Culver City
link,photo booth for rent near Culver City,,https://sites.google.com/view/vogue-booth-rental-los-angeles/home,photo booth for rent near Culver City
link,photo booth for rent near Culver City,,https://sites.google.com/view/brea-photo-booth-rental/home,photo booth for rent near Culver City
document,Culver City photo booth,,https://docs.google.com/document/d/1fjylV1AxkhQRfAJpK2EEBBHnbR_CQJZ3rjkYHlHoOuw/edit?usp=sharing,Culver City photo booth
document pub,Culver City photo booth pub,,https://docs.google.com/document/d/1fjylV1AxkhQRfAJpK2EEBBHnbR_CQJZ3rjkYHlHoOuw/pub,Culver City photo booth
document view,Culver City photo booth view,,https://docs.google.com/document/d/1fjylV1AxkhQRfAJpK2EEBBHnbR_CQJZ3rjkYHlHoOuw/view,Culver City photo booth
document,photobooth rental Culver City,,https://docs.google.com/document/d/1g5yWmzVBEo90Fp_PxgTxGkXjkzhiGzfCbvM2zqm5k3A/edit?usp=sharing,photobooth rental Culver City
document pub,photobooth rental Culver City pub,,https://docs.google.com/document/d/1g5yWmzVBEo90Fp_PxgTxGkXjkzhiGzfCbvM2zqm5k3A/pub,photobooth rental Culver City
document view,photobooth rental Culver City view,,https://docs.google.com/document/d/1g5yWmzVBEo90Fp_PxgTxGkXjkzhiGzfCbvM2zqm5k3A/view,photobooth rental Culver City
document,photo booth with backdrop Culver City,,https://docs.google.com/document/d/1VUK0BdwRxRX197qD3R3FsTE3968ah1JrOJrd_wPXCwo/edit?usp=sharing,photo booth with backdrop Culver City
document pub,photo booth with backdrop Culver City pub,,https://docs.google.com/document/d/1VUK0BdwRxRX197qD3R3FsTE3968ah1JrOJrd_wPXCwo/pub,photo booth with backdrop Culver City
document view,photo booth with backdrop Culver City view,,https://docs.google.com/document/d/1VUK0BdwRxRX197qD3R3FsTE3968ah1JrOJrd_wPXCwo/view,photo booth with backdrop Culver City
link,photo booth for rent near Culver City,,https://sites.google.com/view/photoboothrentalalisoviejoca/home,photo booth for rent near Culver City
link,photo booth for rent near Culver City,,https://sites.google.com/view/irvinephotoboothrental/home,photo booth for rent near Culver City
link,photo booth for rent near Culver City,,https://sites.google.com/view/irvinephotoboothrental/photo-booth-rental-irvine,photo booth for rent near Culver City
link,photo booth for rent near Culver City,,https://sites.google.com/view/vogue-booth-rental-los-angeles/home,photo booth for rent near Culver City
link,photo booth for rent near Culver City,,https://sites.google.com/view/brea-photo-booth-rental/home,photo booth for rent near Culver City
document,renting a photo booth near Culver City,,https://docs.google.com/document/d/1f9I9GuCS-sPB7qIzBjufRg3cVViHBAgup9VN07fOlvY/edit?usp=sharing,renting a photo booth near Culver City
document pub,renting a photo booth near Culver City pub,,https://docs.google.com/document/d/1f9I9GuCS-sPB7qIzBjufRg3cVViHBAgup9VN07fOlvY/pub,renting a photo booth near Culver City
document view,renting a photo booth near Culver City view,,https://docs.google.com/document/d/1f9I9GuCS-sPB7qIzBjufRg3cVViHBAgup9VN07fOlvY/view,renting a photo booth near Culver City
document,photo booth rental Culver City,,https://docs.google.com/document/d/1fJ8SlgcjvFG6xHj4qFvUP_fRvoqyp1Ne0rIyyliqufE/edit?usp=sharing,photo booth rental Culver City
document pub,photo booth rental Culver City pub,,https://docs.google.com/document/d/1fJ8SlgcjvFG6xHj4qFvUP_fRvoqyp1Ne0rIyyliqufE/pub,photo booth rental Culver City
document view,photo booth rental Culver City view,,https://docs.google.com/document/d/1fJ8SlgcjvFG6xHj4qFvUP_fRvoqyp1Ne0rIyyliqufE/view,photo booth rental Culver City
document,rental a photo booth Culver City,,https://docs.google.com/document/d/1Ui05qNPoJ8941GfjFgatTW4uXvuh59CQofcd2OdOg74/edit?usp=sharing,rental a photo booth Culver City
document pub,rental a photo booth Culver City pub,,https://docs.google.com/document/d/1Ui05qNPoJ8941GfjFgatTW4uXvuh59CQofcd2OdOg74/pub,rental a photo booth Culver City
document view,rental a photo booth Culver City view,,https://docs.google.com/document/d/1Ui05qNPoJ8941GfjFgatTW4uXvuh59CQofcd2OdOg74/view,rental a photo booth Culver City
link,photo booth for rent near Culver City,,https://sites.google.com/view/photoboothrentalalisoviejoca/home,photo booth for rent near Culver City
link,photo booth for rent near Culver City,,https://sites.google.com/view/irvinephotoboothrental/home,photo booth for rent near Culver City
link,photo booth for rent near Culver City,,https://sites.google.com/view/irvinephotoboothrental/photo-booth-rental-irvine,photo booth for rent near Culver City
link,photo booth for rent near Culver City,,https://sites.google.com/view/vogue-booth-rental-los-angeles/home,photo booth for rent near Culver City
link,photo booth for rent near Culver City,,https://sites.google.com/view/brea-photo-booth-rental/home,photo booth for rent near Culver City
document,photobooth rental Culver City,,https://docs.google.com/document/d/1uzQufAPqJd92Tc9a5mDRRrO8zyNRWBYLnxdXTYTv3Lg/edit?usp=sharing,photobooth rental Culver City
document pub,photobooth rental Culver City pub,,https://docs.google.com/document/d/1uzQufAPqJd92Tc9a5mDRRrO8zyNRWBYLnxdXTYTv3Lg/pub,photobooth rental Culver City
document view,photobooth rental Culver City view,,https://docs.google.com/document/d/1uzQufAPqJd92Tc9a5mDRRrO8zyNRWBYLnxdXTYTv3Lg/view,photobooth rental Culver City
document,photo booth for rent Culver City,,https://docs.google.com/document/d/1XRFmEPvSg_b9t0nHRMS5CdbUulcMsfFVTNf01QtnzNY/edit?usp=sharing,photo booth for rent Culver City
document pub,photo booth for rent Culver City pub,,https://docs.google.com/document/d/1XRFmEPvSg_b9t0nHRMS5CdbUulcMsfFVTNf01QtnzNY/pub,photo booth for rent Culver City
document view,photo booth for rent Culver City view,,https://docs.google.com/document/d/1XRFmEPvSg_b9t0nHRMS5CdbUulcMsfFVTNf01QtnzNY/view,photo booth for rent Culver City
link,photo booth for rent near Culver City,,https://sites.google.com/view/photoboothrentalalisoviejoca/home,photo booth for rent near Culver City
link,photo booth for rent near Culver City,,https://sites.google.com/view/irvinephotoboothrental/home,photo booth for rent near Culver City
link,photo booth for rent near Culver City,,https://sites.google.com/view/irvinephotoboothrental/photo-booth-rental-irvine,photo booth for rent near Culver City
link,photo booth for rent near Culver City,,https://sites.google.com/view/vogue-booth-rental-los-angeles/home,photo booth for rent near Culver City
link,photo booth for rent near Culver City,,https://sites.google.com/view/brea-photo-booth-rental/home,photo booth for rent near Culver City
comment,spreadsheet,,https://docs.google.com/spreadsheets/d/1i-GQ5B8JUqhJaXgaPVdbBHSAxxKrbk3yuCfWg0-qL0c/edit?disco=AAABSeF2oAw,spreadsheet comment
comment,drawing,,https://docs.google.com/drawings/d/136PzSLEZPzzaYxRiiDX6zTzw8cCXf3wsW5C8GgJVIzo/edit?disco=AAABOvFRuwQ,drawing comment
comment,document,,https://docs.google.com/document/d/1XRFmEPvSg_b9t0nHRMS5CdbUulcMsfFVTNf01QtnzNY/edit?disco=AAABSdQIn-8,document comment
comment,document,,https://docs.google.com/document/d/1uzQufAPqJd92Tc9a5mDRRrO8zyNRWBYLnxdXTYTv3Lg/edit?disco=AAABSa0rTlE,document comment
comment,document,,https://docs.google.com/document/d/1Ui05qNPoJ8941GfjFgatTW4uXvuh59CQofcd2OdOg74/edit?disco=AAABOu76qJY,document comment
comment,document,,https://docs.google.com/document/d/1fJ8SlgcjvFG6xHj4qFvUP_fRvoqyp1Ne0rIyyliqufE/edit?disco=AAABOuS8r64,document comment
comment,document,,https://docs.google.com/document/d/1f9I9GuCS-sPB7qIzBjufRg3cVViHBAgup9VN07fOlvY/edit?disco=AAABOutlCtM,document comment
comment,document,,https://docs.google.com/document/d/1VUK0BdwRxRX197qD3R3FsTE3968ah1JrOJrd_wPXCwo/edit?disco=AAABSUs3SIM,document comment
comment,document,,https://docs.google.com/document/d/1g5yWmzVBEo90Fp_PxgTxGkXjkzhiGzfCbvM2zqm5k3A/edit?disco=AAABScP1ee0,document comment
comment,document,,https://docs.google.com/document/d/1fjylV1AxkhQRfAJpK2EEBBHnbR_CQJZ3rjkYHlHoOuw/edit?disco=AAABSnAEZoo,document comment
comment,document,,https://docs.google.com/document/d/1wOank_Wyj5glzV18EY4B29-l4q46AKDeqlfUt60kOeA/edit?disco=AAABSVfYC9A,document comment
comment,document,,https://docs.google.com/document/d/1rgym_fzxunagpY2zspThNylCOrfw1S77IxtvqdS8XQk/edit?disco=AAABSdRHfPs,document comment
comment,document,,https://docs.google.com/document/d/18Tkad7DE8zYoWTYl2DgF8QcC72BFabQA5RhC9IZZfkw/edit?disco=AAABSdeFXeA,document comment
comment,document,,https://docs.google.com/document/d/11wx5_prBzZuTO5ojntdoFddxfRa09lY-Nw-QiDCCdSs/edit?disco=AAABOuWPtD4,document comment
comment,document,,https://docs.google.com/document/d/1nFuA5inkMk08kEu1ga3QqZpJljqK1FAUzHa9yoSC_Yo/edit?disco=AAABOukg_pw,document comment
comment,document,,https://docs.google.com/document/d/1a32qn4FrpITeqRazApWwf95En187eyg9srMOMGX8rg0/edit?disco=AAABOuI5PhU,document comment
comment,document,,https://docs.google.com/document/d/1KpbkMTu222Y_rRG9YJbWlkstkSl8ZmPP9nAsG3URLoo/edit?disco=AAABOuSy8p8,document comment
comment,document,,https://docs.google.com/document/d/1tfgLt1s3wLbphD_gJvANRwliRY5TTfXrPRNU1U0oS8w/edit?disco=AAABOu4IRuA,document comment
comment,document,,https://docs.google.com/document/d/1K5jFySVLEO4SU62csTRyiPkICZ--GIryNYjgyugmc2M/edit?disco=AAABOuXdflc,document comment
comment,document,,https://docs.google.com/document/d/1HgaYneq22idWSC-PjUXt5MH9zbMGrItbR5XqRyBylIY/edit?disco=AAABOu8pn8I,document comment
comment,document,,https://docs.google.com/document/d/100uvaaG8i3cwvSzbIpdOfsQP46RjzJhtDv9HQP6c1BI/edit?disco=AAABOt_rDmo,document comment
comment,document,,https://docs.google.com/document/d/1pstn8Y_gL5uBVHV2emWjg0BlswXUiExcsWp6fg7bHgM/edit?disco=AAABOuVKEJk,document comment
comment,document,,https://docs.google.com/document/d/1rATw9R_Gx7NLNbNO8UdL10iAADSTjCQNgPxW8B-Z7_A/edit?disco=AAABOvDWeYY,document comment
comment,presentation,,https://docs.google.com/presentation/d/1ARse9m3U75KwkzekT1PjyAHsSK-6HSkNEI8N0xtayJQ/edit?disco=AAABSdRkwNU,presentation comment