				
target url	rent a photobooth Culver City		https://sites.google.com/view/culvercityphotoboothrentals/photo-booth-for-rental-in-culver-city	rent a photobooth Culver City
folder top	rent a photobooth Culver City		https://drive.google.com/drive/folders/1fuHHsCAH3rEgYwZnXeyRBs2SmDEnp-nv?usp=sharing	rent a photobooth Culver City
rss feed	rent a photobooth Culver City		https://news.google.com/rss/search?q=videobooth	rent a photobooth Culver City
folder articles	rent a photobooth Culver City Articles		https://drive.google.com/drive/folders/1pEpmw7R3HNOAUdcICCLOreBofpE2yGoF?usp=sharing	rent a photobooth Culver City Articles
folder photos	rent a photobooth Culver City Photos		https://drive.google.com/drive/folders/1dlDwisqZhP23DR0kqIY5lr_1qYc6QWiX?usp=sharing	rent a photobooth Culver City Photos
folder pdfs	rent a photobooth Culver City PDFs		https://drive.google.com/drive/folders/1y9lVsQUcwb3Aeq7tKrSQMQUhiAl36oIU?usp=sharing	rent a photobooth Culver City PDFs
folder slides	rent a photobooth Culver City Slides		https://drive.google.com/drive/folders/1VEY4nh2m77ZEI9xxD6v22_5rn66DVqgq?usp=sharing	rent a photobooth Culver City Slides
photo	rent a photobooth Culver City		https://drive.google.com/file/d/1ZsU5gDDZBaLVQnbQ7aDJiFTAiNn7ni7B/view?usp=sharing	rent a photobooth Culver City
photo	rent a photobooth Culver City		https://drive.google.com/file/d/1lD4Fq0UM5F8aM0p0X3azpyM8a8-S2WPc/view?usp=sharing	rent a photobooth Culver City
photo	rent a photobooth Culver City		https://drive.google.com/file/d/1nSiESju7gYC9IDzzn3otk4RkM8967uXE/view?usp=sharing	rent a photobooth Culver City
photo	rent a photobooth Culver City		https://drive.google.com/file/d/1ik6EfpLZ9AIrZLiGoDaq9Rd2vkPjcAWG/view?usp=sharing	rent a photobooth Culver City
spreadsheet	rent a photobooth Culver City		https://docs.google.com/spreadsheets/d/1mQ7rKX1tj9YhcxXbAlX9ntNUdrSxLjxJvJIen7ZW-9c/edit?usp=sharing	rent a photobooth Culver City
spreadsheet key	rent a photobooth Culver City key		https://docs.google.com/spreadsheet/pub?key=1mQ7rKX1tj9YhcxXbAlX9ntNUdrSxLjxJvJIen7ZW-9c	rent a photobooth Culver City
spreadsheet pubhtml	rent a photobooth Culver City pubhtml		https://docs.google.com/spreadsheets/d/1mQ7rKX1tj9YhcxXbAlX9ntNUdrSxLjxJvJIen7ZW-9c/pubhtml	rent a photobooth Culver City
spreadsheet pub	rent a photobooth Culver City pub		https://docs.google.com/spreadsheets/d/1mQ7rKX1tj9YhcxXbAlX9ntNUdrSxLjxJvJIen7ZW-9c/pub	rent a photobooth Culver City
spreadsheet view	rent a photobooth Culver City view		https://docs.google.com/spreadsheets/d/1mQ7rKX1tj9YhcxXbAlX9ntNUdrSxLjxJvJIen7ZW-9c/view	rent a photobooth Culver City
form	rent a photobooth Culver City		https://docs.google.com/forms/d/167SSFPHH6YFKIuuhaBSF2oe1EVpTReEtSv3G0lopcp8/edit?usp=sharing	rent a photobooth Culver City
drawing	rent a photobooth Culver City		https://docs.google.com/drawings/d/1hhxRkmPoauhHg1CR1AQxgd_ZxU2GprXzObWqkKjqCoM/edit?usp=sharing	rent a photobooth Culver City
image	CTA or Logo		https://drive.google.com/file/d/1Ub_baxN1yIKa7z6PHbWKiQ5Hv3QmkYdb/view?usp=drivesdk	
image link	CTA or Logo - image link		https://sites.google.com/view/culvercityphotoboothrentals	
document	rent a photobooth Culver City		https://docs.google.com/document/d/1-PWvtAB0pqpmGVA5mkyU2a8qMZnMtqCh3KmZOq9oI38/edit?usp=sharing	rent a photobooth Culver City
document pub	rent a photobooth Culver City pub		https://docs.google.com/document/d/1-PWvtAB0pqpmGVA5mkyU2a8qMZnMtqCh3KmZOq9oI38/pub	rent a photobooth Culver City
document view	rent a photobooth Culver City view		https://docs.google.com/document/d/1-PWvtAB0pqpmGVA5mkyU2a8qMZnMtqCh3KmZOq9oI38/view	rent a photobooth Culver City
presentation	rent a photobooth Culver City		https://docs.google.com/presentation/d/1kklMLXQmEzDX2n3H3EhQYsjLUqb568_C41rGUzAruUI/edit?usp=sharing	rent a photobooth Culver City
presentation pub	rent a photobooth Culver City pub		https://docs.google.com/presentation/d/1kklMLXQmEzDX2n3H3EhQYsjLUqb568_C41rGUzAruUI/pub?start=true&loop=true&delayms=3000	rent a photobooth Culver City
presentation view	rent a photobooth Culver City view		https://docs.google.com/presentation/d/1kklMLXQmEzDX2n3H3EhQYsjLUqb568_C41rGUzAruUI/view	rent a photobooth Culver City
presentation html	rent a photobooth Culver City html		https://docs.google.com/presentation/d/1kklMLXQmEzDX2n3H3EhQYsjLUqb568_C41rGUzAruUI/htmlpresent	rent a photobooth Culver City
calendar	Calendar - rent a photobooth Culver City		https://calendar.google.com/calendar/embed?src=f43af842f339b244baa4e6db1bea8139a764afff5645f7c67a2d1fa58e37b18a@group.calendar.google.com	rent a photobooth Culver City
Calendar - All Day Event	Calendar - rent a photobooth Culver City - Event		https://www.google.com/calendar/event?eid=NWt1YXE5M3E0ZGowODA4ZW11MGlwaTI4cjggZjQzYWY4NDJmMzM5YjI0NGJhYTRlNmRiMWJlYTgxMzlhNzY0YWZmZjU2NDVmN2M2N2EyZDFmYTU4ZTM3YjE4YUBncm91cC5jYWxlbmRhci5nb29nbGUuY29t	rent a photobooth Culver City
Calendar - All Day Event	Calendar - rent a photobooth Culver City - Event		https://www.google.com/calendar/event?eid=Z25xYjIzNWgycGJjYnB1Zm1hcm5uaHZpYTAgZjQzYWY4NDJmMzM5YjI0NGJhYTRlNmRiMWJlYTgxMzlhNzY0YWZmZjU2NDVmN2M2N2EyZDFmYTU4ZTM3YjE4YUBncm91cC5jYWxlbmRhci5nb29nbGUuY29t	rent a photobooth Culver City
Calendar - All Day Event	Calendar - rent a photobooth Culver City - Event		https://www.google.com/calendar/event?eid=MXE4cDYzOHU5ajcxOWd2YTAxMHNjMnMzOHMgZjQzYWY4NDJmMzM5YjI0NGJhYTRlNmRiMWJlYTgxMzlhNzY0YWZmZjU2NDVmN2M2N2EyZDFmYTU4ZTM3YjE4YUBncm91cC5jYWxlbmRhci5nb29nbGUuY29t	rent a photobooth Culver City
Calendar - All Day Event	Calendar - rent a photobooth Culver City - Event		https://www.google.com/calendar/event?eid=N29hbGY0cWphNTVxMWQxNW1pYnQ3Zmxpcm8gZjQzYWY4NDJmMzM5YjI0NGJhYTRlNmRiMWJlYTgxMzlhNzY0YWZmZjU2NDVmN2M2N2EyZDFmYTU4ZTM3YjE4YUBncm91cC5jYWxlbmRhci5nb29nbGUuY29t	rent a photobooth Culver City
Calendar - All Day Event	Calendar - rent a photobooth Culver City - Event		https://www.google.com/calendar/event?eid=cmFwMjNqaXI1Zml2NjdzN2FlMW5lYWZrZDQgZjQzYWY4NDJmMzM5YjI0NGJhYTRlNmRiMWJlYTgxMzlhNzY0YWZmZjU2NDVmN2M2N2EyZDFmYTU4ZTM3YjE4YUBncm91cC5jYWxlbmRhci5nb29nbGUuY29t	rent a photobooth Culver City
Calendar - All Day Event	Calendar - rent a photobooth Culver City - Event		https://www.google.com/calendar/event?eid=ZHVycGFybDFwMGNuZmExODRnc3JxZ2Yzc2MgZjQzYWY4NDJmMzM5YjI0NGJhYTRlNmRiMWJlYTgxMzlhNzY0YWZmZjU2NDVmN2M2N2EyZDFmYTU4ZTM3YjE4YUBncm91cC5jYWxlbmRhci5nb29nbGUuY29t	rent a photobooth Culver City
Calendar - All Day Event	Calendar - rent a photobooth Culver City - Event		https://www.google.com/calendar/event?eid=MnBzMWptNjkyNTk1NzNpOGVlczJkZWkwZ2cgZjQzYWY4NDJmMzM5YjI0NGJhYTRlNmRiMWJlYTgxMzlhNzY0YWZmZjU2NDVmN2M2N2EyZDFmYTU4ZTM3YjE4YUBncm91cC5jYWxlbmRhci5nb29nbGUuY29t	rent a photobooth Culver City
Calendar - All Day Event	Calendar - rent a photobooth Culver City - Event		https://www.google.com/calendar/event?eid=N3RmOWRhNmFzcjRxazZ2b3NoNmFlcGRlMzAgZjQzYWY4NDJmMzM5YjI0NGJhYTRlNmRiMWJlYTgxMzlhNzY0YWZmZjU2NDVmN2M2N2EyZDFmYTU4ZTM3YjE4YUBncm91cC5jYWxlbmRhci5nb29nbGUuY29t	rent a photobooth Culver City
Calendar - All Day Event	Calendar - rent a photobooth Culver City - Event		https://www.google.com/calendar/event?eid=MGh1MHNkZWxjM3VyZjF1OHFhYWttb2NzNm8gZjQzYWY4NDJmMzM5YjI0NGJhYTRlNmRiMWJlYTgxMzlhNzY0YWZmZjU2NDVmN2M2N2EyZDFmYTU4ZTM3YjE4YUBncm91cC5jYWxlbmRhci5nb29nbGUuY29t	rent a photobooth Culver City
Calendar - All Day Event	Calendar - rent a photobooth Culver City - Event		https://www.google.com/calendar/event?eid=M252dG5sNjZ0aXE1dHE3Y2M1ZGZ1OGp2YW8gZjQzYWY4NDJmMzM5YjI0NGJhYTRlNmRiMWJlYTgxMzlhNzY0YWZmZjU2NDVmN2M2N2EyZDFmYTU4ZTM3YjE4YUBncm91cC5jYWxlbmRhci5nb29nbGUuY29t	rent a photobooth Culver City
Calendar - All Day Event	Calendar - rent a photobooth Culver City - Event		https://www.google.com/calendar/event?eid=Mzg0NWduOXAzMzBxcmdyM3ZyZTk0MmlkZG8gZjQzYWY4NDJmMzM5YjI0NGJhYTRlNmRiMWJlYTgxMzlhNzY0YWZmZjU2NDVmN2M2N2EyZDFmYTU4ZTM3YjE4YUBncm91cC5jYWxlbmRhci5nb29nbGUuY29t	rent a photobooth Culver City
Calendar - All Day Event	Calendar - rent a photobooth Culver City - Event		https://www.google.com/calendar/event?eid=Ym4wN2NkNG9zbmI3ZXRidjhpZDZtN3MyMzQgZjQzYWY4NDJmMzM5YjI0NGJhYTRlNmRiMWJlYTgxMzlhNzY0YWZmZjU2NDVmN2M2N2EyZDFmYTU4ZTM3YjE4YUBncm91cC5jYWxlbmRhci5nb29nbGUuY29t	rent a photobooth Culver City
Calendar - All Day Event	Calendar - rent a photobooth Culver City - Event		https://www.google.com/calendar/event?eid=ZGxhaWc3c3Flc243cmM0MjI5dTM1YmcxNjQgZjQzYWY4NDJmMzM5YjI0NGJhYTRlNmRiMWJlYTgxMzlhNzY0YWZmZjU2NDVmN2M2N2EyZDFmYTU4ZTM3YjE4YUBncm91cC5jYWxlbmRhci5nb29nbGUuY29t	rent a photobooth Culver City
Calendar - All Day Event	Calendar - rent a photobooth Culver City - Event		https://www.google.com/calendar/event?eid=bjFhcDkzdmZsdWJwN2NyODR2MW8xcDdwMW8gZjQzYWY4NDJmMzM5YjI0NGJhYTRlNmRiMWJlYTgxMzlhNzY0YWZmZjU2NDVmN2M2N2EyZDFmYTU4ZTM3YjE4YUBncm91cC5jYWxlbmRhci5nb29nbGUuY29t	rent a photobooth Culver City
Calendar - All Day Event	Calendar - rent a photobooth Culver City - Event		https://www.google.com/calendar/event?eid=YmF2anNkaW9wN2Q0aTFka3Y0YWlpNnZoODQgZjQzYWY4NDJmMzM5YjI0NGJhYTRlNmRiMWJlYTgxMzlhNzY0YWZmZjU2NDVmN2M2N2EyZDFmYTU4ZTM3YjE4YUBncm91cC5jYWxlbmRhci5nb29nbGUuY29t	rent a photobooth Culver City
video	rent a photobooth Culver City		https://youtu.be/qmTd78qYxDw	rent a photobooth Culver City
video	rent a photobooth Culver City		https://youtu.be/zp4waK2lX_4	rent a photobooth Culver City
video	rent a photobooth Culver City		https://youtu.be/2-zmmguG0gY	rent a photobooth Culver City
video	rent a photobooth Culver City		https://youtu.be/ZE24djUV0Jk	rent a photobooth Culver City
video	rent a photobooth Culver City		https://youtu.be/3AjCF0_H6pI	rent a photobooth Culver City
sheet	Sheet1		https://docs.google.com/spreadsheets/d/1mQ7rKX1tj9YhcxXbAlX9ntNUdrSxLjxJvJIen7ZW-9c/edit#gid=0	rent a photobooth Culver City Sheet1
sheet	Keywords		https://docs.google.com/spreadsheets/d/1mQ7rKX1tj9YhcxXbAlX9ntNUdrSxLjxJvJIen7ZW-9c/edit#gid=1802888641	rent a photobooth Culver City Keywords
sheet	Content		https://docs.google.com/spreadsheets/d/1mQ7rKX1tj9YhcxXbAlX9ntNUdrSxLjxJvJIen7ZW-9c/edit#gid=1156008965	rent a photobooth Culver City Content
sheet	Calendar Events		https://docs.google.com/spreadsheets/d/1mQ7rKX1tj9YhcxXbAlX9ntNUdrSxLjxJvJIen7ZW-9c/edit#gid=1575031943	rent a photobooth Culver City Calendar Events
sheet	RSS Feeds		https://docs.google.com/spreadsheets/d/1mQ7rKX1tj9YhcxXbAlX9ntNUdrSxLjxJvJIen7ZW-9c/edit#gid=702592677	rent a photobooth Culver City RSS Feeds
folder HTML	rent a photobooth Culver City HTML		https://drive.google.com/drive/folders/14yNhxWni3HHhTt6dIg6t2ivsEUJIeSN_?usp=sharing	rent a photobooth Culver City HTML
HTML	rent a photobooth Culver City.html		https://drive.google.com/file/d/17v0z-i7-qzjLSu3U2eYGkHm0wL_y8eWX/view?usp=sharing	rent a photobooth Culver City.html
folder Microsoft Files	rent a photobooth Culver City MSFT		https://drive.google.com/drive/folders/10YXZfXT0980eotNUJDgcSu94rOQCEjll?usp=sharing	rent a photobooth Culver City MSFT
document	photo booth for rental in Culver City		https://docs.google.com/document/d/1j4CcQ9Ot3Oekiq9ihXWriATpxSpTpLjwA3lQT3mE5ZM/edit?usp=sharing	photo booth for rental in Culver City
document pub	photo booth for rental in Culver City pub		https://docs.google.com/document/d/1j4CcQ9Ot3Oekiq9ihXWriATpxSpTpLjwA3lQT3mE5ZM/pub	photo booth for rental in Culver City
document view	photo booth for rental in Culver City view		https://docs.google.com/document/d/1j4CcQ9Ot3Oekiq9ihXWriATpxSpTpLjwA3lQT3mE5ZM/view	photo booth for rental in Culver City
document	photobooth for rent Culver City		https://docs.google.com/document/d/1ORRwAjf1mEeRGPbZFw7eNhwtuqBhk8CNhznD50-8VfI/edit?usp=sharing	photobooth for rent Culver City
document pub	photobooth for rent Culver City pub		https://docs.google.com/document/d/1ORRwAjf1mEeRGPbZFw7eNhwtuqBhk8CNhznD50-8VfI/pub	photobooth for rent Culver City
document view	photobooth for rent Culver City view		https://docs.google.com/document/d/1ORRwAjf1mEeRGPbZFw7eNhwtuqBhk8CNhznD50-8VfI/view	photobooth for rent Culver City
document	rental photobooth Culver City		https://docs.google.com/document/d/1qOoS7bwE-ha5AQewRTUS4OZ8Xi3lcQ7tCxSq2LqkJoA/edit?usp=sharing	rental photobooth Culver City
document pub	rental photobooth Culver City pub		https://docs.google.com/document/d/1qOoS7bwE-ha5AQewRTUS4OZ8Xi3lcQ7tCxSq2LqkJoA/pub	rental photobooth Culver City
document view	rental photobooth Culver City view		https://docs.google.com/document/d/1qOoS7bwE-ha5AQewRTUS4OZ8Xi3lcQ7tCxSq2LqkJoA/view	rental photobooth Culver City
link	rent a photobooth Culver City		https://sites.google.com/view/culvercityphotoboothrentals	rent a photobooth Culver City
link	rent a photobooth Culver City		https://sites.google.com/view/culvercityphotoboothrentals/culver-city-photo-booths	rent a photobooth Culver City
link	rent a photobooth Culver City		https://sites.google.com/view/photobooth-rental-culver-city/home	rent a photobooth Culver City
link	rent a photobooth Culver City		https://sites.google.com/view/photobooth-rental-culver-city/culver-city-photo-booths	rent a photobooth Culver City
link	rent a photobooth Culver City		https://sites.google.com/view/photobooth-rental-culver-city/video-booth-rentals-culver-city	rent a photobooth Culver City
document	rent photo booth Culver City		https://docs.google.com/document/d/1051K_uquJEwJxt9iEWnPMNtKpMsjPT2gXO7Yjc7Fc48/edit?usp=sharing	rent photo booth Culver City
document pub	rent photo booth Culver City pub		https://docs.google.com/document/d/1051K_uquJEwJxt9iEWnPMNtKpMsjPT2gXO7Yjc7Fc48/pub	rent photo booth Culver City
document view	rent photo booth Culver City view		https://docs.google.com/document/d/1051K_uquJEwJxt9iEWnPMNtKpMsjPT2gXO7Yjc7Fc48/view	rent photo booth Culver City
document	rental photo booths Culver City		https://docs.google.com/document/d/1fa3OyIHDOpmBzi6tiIxTI4sAupNVWW47qOLH3aEotV8/edit?usp=sharing	rental photo booths Culver City
document pub	rental photo booths Culver City pub		https://docs.google.com/document/d/1fa3OyIHDOpmBzi6tiIxTI4sAupNVWW47qOLH3aEotV8/pub	rental photo booths Culver City
document view	rental photo booths Culver City view		https://docs.google.com/document/d/1fa3OyIHDOpmBzi6tiIxTI4sAupNVWW47qOLH3aEotV8/view	rental photo booths Culver City
document	photobooth printing Culver City		https://docs.google.com/document/d/1YfIS-GllTW0qqz8nOk-C1vJ692XWY7a4vEmYWNWdy04/edit?usp=sharing	photobooth printing Culver City
document pub	photobooth printing Culver City pub		https://docs.google.com/document/d/1YfIS-GllTW0qqz8nOk-C1vJ692XWY7a4vEmYWNWdy04/pub	photobooth printing Culver City
document view	photobooth printing Culver City view		https://docs.google.com/document/d/1YfIS-GllTW0qqz8nOk-C1vJ692XWY7a4vEmYWNWdy04/view	photobooth printing Culver City
link	rent a photobooth Culver City		https://sites.google.com/view/culvercityphotoboothrentals	rent a photobooth Culver City
link	rent a photobooth Culver City		https://sites.google.com/view/culvercityphotoboothrentals/culver-city-photo-booths	rent a photobooth Culver City
link	rent a photobooth Culver City		https://sites.google.com/view/photobooth-rental-culver-city/home	rent a photobooth Culver City
link	rent a photobooth Culver City		https://sites.google.com/view/photobooth-rental-culver-city/culver-city-photo-booths	rent a photobooth Culver City
link	rent a photobooth Culver City		https://sites.google.com/view/photobooth-rental-culver-city/video-booth-rentals-culver-city	rent a photobooth Culver City
document	rent photo booth Culver City		https://docs.google.com/document/d/1RFADyqhtSZlo5tX6WZsRlOyhYHvgZMWBx6TfTg_DI10/edit?usp=sharing	rent photo booth Culver City
document pub	rent photo booth Culver City pub		https://docs.google.com/document/d/1RFADyqhtSZlo5tX6WZsRlOyhYHvgZMWBx6TfTg_DI10/pub	rent photo booth Culver City
document view	rent photo booth Culver City view		https://docs.google.com/document/d/1RFADyqhtSZlo5tX6WZsRlOyhYHvgZMWBx6TfTg_DI10/view	rent photo booth Culver City
document	Culver City photo booth		https://docs.google.com/document/d/100zxZF75ldbjVqpRuYJ--Uxps6DoQx4eSKstvja6roE/edit?usp=sharing	Culver City photo booth
document pub	Culver City photo booth pub		https://docs.google.com/document/d/100zxZF75ldbjVqpRuYJ--Uxps6DoQx4eSKstvja6roE/pub	Culver City photo booth
document view	Culver City photo booth view		https://docs.google.com/document/d/100zxZF75ldbjVqpRuYJ--Uxps6DoQx4eSKstvja6roE/view	Culver City photo booth
document	photobooth rental Culver City		https://docs.google.com/document/d/12m16mwlrIsW_vDWOHinCGI8x0a8K9TL9Q0BdlX4QOf4/edit?usp=sharing	photobooth rental Culver City
document pub	photobooth rental Culver City pub		https://docs.google.com/document/d/12m16mwlrIsW_vDWOHinCGI8x0a8K9TL9Q0BdlX4QOf4/pub	photobooth rental Culver City
document view	photobooth rental Culver City view		https://docs.google.com/document/d/12m16mwlrIsW_vDWOHinCGI8x0a8K9TL9Q0BdlX4QOf4/view	photobooth rental Culver City
link	rent a photobooth Culver City		https://sites.google.com/view/culvercityphotoboothrentals	rent a photobooth Culver City
link	rent a photobooth Culver City		https://sites.google.com/view/culvercityphotoboothrentals/culver-city-photo-booths	rent a photobooth Culver City
link	rent a photobooth Culver City		https://sites.google.com/view/photobooth-rental-culver-city/home	rent a photobooth Culver City
link	rent a photobooth Culver City		https://sites.google.com/view/photobooth-rental-culver-city/culver-city-photo-booths	rent a photobooth Culver City
link	rent a photobooth Culver City		https://sites.google.com/view/photobooth-rental-culver-city/video-booth-rentals-culver-city	rent a photobooth Culver City
document	photo booth with backdrop Culver City		https://docs.google.com/document/d/10P-d-T8jlr4n8m6k5jS-RvUt6iMY0mRVNOFxqms2ljM/edit?usp=sharing	photo booth with backdrop Culver City
document pub	photo booth with backdrop Culver City pub		https://docs.google.com/document/d/10P-d-T8jlr4n8m6k5jS-RvUt6iMY0mRVNOFxqms2ljM/pub	photo booth with backdrop Culver City
document view	photo booth with backdrop Culver City view		https://docs.google.com/document/d/10P-d-T8jlr4n8m6k5jS-RvUt6iMY0mRVNOFxqms2ljM/view	photo booth with backdrop Culver City
document	renting a photo booth near Culver City		https://docs.google.com/document/d/1yP1k4wx9bi0Upv6z745qfMtmAfoHnzsvA9olcnzguKo/edit?usp=sharing	renting a photo booth near Culver City
document pub	renting a photo booth near Culver City pub		https://docs.google.com/document/d/1yP1k4wx9bi0Upv6z745qfMtmAfoHnzsvA9olcnzguKo/pub	renting a photo booth near Culver City
document view	renting a photo booth near Culver City view		https://docs.google.com/document/d/1yP1k4wx9bi0Upv6z745qfMtmAfoHnzsvA9olcnzguKo/view	renting a photo booth near Culver City
document	photo booth rental Culver City		https://docs.google.com/document/d/1hdee9TBx-_OSDTuA0aPlO_hIYSsk7tLybIoxjaffqjU/edit?usp=sharing	photo booth rental Culver City
document pub	photo booth rental Culver City pub		https://docs.google.com/document/d/1hdee9TBx-_OSDTuA0aPlO_hIYSsk7tLybIoxjaffqjU/pub	photo booth rental Culver City
document view	photo booth rental Culver City view		https://docs.google.com/document/d/1hdee9TBx-_OSDTuA0aPlO_hIYSsk7tLybIoxjaffqjU/view	photo booth rental Culver City
link	rent a photobooth Culver City		https://sites.google.com/view/culvercityphotoboothrentals	rent a photobooth Culver City
link	rent a photobooth Culver City		https://sites.google.com/view/culvercityphotoboothrentals/culver-city-photo-booths	rent a photobooth Culver City
link	rent a photobooth Culver City		https://sites.google.com/view/photobooth-rental-culver-city/home	rent a photobooth Culver City
link	rent a photobooth Culver City		https://sites.google.com/view/photobooth-rental-culver-city/culver-city-photo-booths	rent a photobooth Culver City
link	rent a photobooth Culver City		https://sites.google.com/view/photobooth-rental-culver-city/video-booth-rentals-culver-city	rent a photobooth Culver City
document	rental a photo booth Culver City		https://docs.google.com/document/d/1crTEIFEq9_YVrIO2EFVz_4tdKKYoAK_Qyi8AMiSN3CM/edit?usp=sharing	rental a photo booth Culver City
document pub	rental a photo booth Culver City pub		https://docs.google.com/document/d/1crTEIFEq9_YVrIO2EFVz_4tdKKYoAK_Qyi8AMiSN3CM/pub	rental a photo booth Culver City
document view	rental a photo booth Culver City view		https://docs.google.com/document/d/1crTEIFEq9_YVrIO2EFVz_4tdKKYoAK_Qyi8AMiSN3CM/view	rental a photo booth Culver City
document	photobooth rental Culver City		https://docs.google.com/document/d/1VClmt4cNE5v2vJvNU7YMEK6EU7o-R92n3Xl2uANZcrM/edit?usp=sharing	photobooth rental Culver City
document pub	photobooth rental Culver City pub		https://docs.google.com/document/d/1VClmt4cNE5v2vJvNU7YMEK6EU7o-R92n3Xl2uANZcrM/pub	photobooth rental Culver City
document view	photobooth rental Culver City view		https://docs.google.com/document/d/1VClmt4cNE5v2vJvNU7YMEK6EU7o-R92n3Xl2uANZcrM/view	photobooth rental Culver City
document	photo booth for rent Culver City		https://docs.google.com/document/d/15jckTTQQcSDQ3d_B249WPYSv5HJBKx-BfLlSdPZBmkk/edit?usp=sharing	photo booth for rent Culver City
document pub	photo booth for rent Culver City pub		https://docs.google.com/document/d/15jckTTQQcSDQ3d_B249WPYSv5HJBKx-BfLlSdPZBmkk/pub	photo booth for rent Culver City
document view	photo booth for rent Culver City view		https://docs.google.com/document/d/15jckTTQQcSDQ3d_B249WPYSv5HJBKx-BfLlSdPZBmkk/view	photo booth for rent Culver City
link	rent a photobooth Culver City		https://sites.google.com/view/culvercityphotoboothrentals	rent a photobooth Culver City
link	rent a photobooth Culver City		https://sites.google.com/view/culvercityphotoboothrentals/culver-city-photo-booths	rent a photobooth Culver City
link	rent a photobooth Culver City		https://sites.google.com/view/photobooth-rental-culver-city/home	rent a photobooth Culver City
link	rent a photobooth Culver City		https://sites.google.com/view/photobooth-rental-culver-city/culver-city-photo-booths	rent a photobooth Culver City
link	rent a photobooth Culver City		https://sites.google.com/view/photobooth-rental-culver-city/video-booth-rentals-culver-city	rent a photobooth Culver City
document	renting a photo booth Culver City		https://docs.google.com/document/d/1d6lLKhWz4e3sbvJ7DoH-gOmqFNnAgCUZ2lBPugNVdUA/edit?usp=sharing	renting a photo booth Culver City
document pub	renting a photo booth Culver City pub		https://docs.google.com/document/d/1d6lLKhWz4e3sbvJ7DoH-gOmqFNnAgCUZ2lBPugNVdUA/pub	renting a photo booth Culver City
document view	renting a photo booth Culver City view		https://docs.google.com/document/d/1d6lLKhWz4e3sbvJ7DoH-gOmqFNnAgCUZ2lBPugNVdUA/view	renting a photo booth Culver City
document	photo booth rental Culver City		https://docs.google.com/document/d/1Y2ZxpArBSIpGat06UHfUmf-bxned60riALquaXWL0ik/edit?usp=sharing	photo booth rental Culver City
document pub	photo booth rental Culver City pub		https://docs.google.com/document/d/1Y2ZxpArBSIpGat06UHfUmf-bxned60riALquaXWL0ik/pub	photo booth rental Culver City
document view	photo booth rental Culver City view		https://docs.google.com/document/d/1Y2ZxpArBSIpGat06UHfUmf-bxned60riALquaXWL0ik/view	photo booth rental Culver City
document	photo booth rentals Culver City		https://docs.google.com/document/d/1WLEicgHobY4gGr-qbqdkcUdrgXjKUlxlnOlhGgqFXjM/edit?usp=sharing	photo booth rentals Culver City
document pub	photo booth rentals Culver City pub		https://docs.google.com/document/d/1WLEicgHobY4gGr-qbqdkcUdrgXjKUlxlnOlhGgqFXjM/pub	photo booth rentals Culver City
document view	photo booth rentals Culver City view		https://docs.google.com/document/d/1WLEicgHobY4gGr-qbqdkcUdrgXjKUlxlnOlhGgqFXjM/view	photo booth rentals Culver City
link	rent a photobooth Culver City		https://sites.google.com/view/culvercityphotoboothrentals	rent a photobooth Culver City
link	rent a photobooth Culver City		https://sites.google.com/view/culvercityphotoboothrentals/culver-city-photo-booths	rent a photobooth Culver City
link	rent a photobooth Culver City		https://sites.google.com/view/photobooth-rental-culver-city/home	rent a photobooth Culver City
link	rent a photobooth Culver City		https://sites.google.com/view/photobooth-rental-culver-city/culver-city-photo-booths	rent a photobooth Culver City
link	rent a photobooth Culver City		https://sites.google.com/view/photobooth-rental-culver-city/video-booth-rentals-culver-city	rent a photobooth Culver City
document	photobooth rental Culver City		https://docs.google.com/document/d/1V5Na7mjeJDjDqboZ4suyJVT-gQzwzRq4yKL1qzRZJBI/edit?usp=sharing	photobooth rental Culver City
document pub	photobooth rental Culver City pub		https://docs.google.com/document/d/1V5Na7mjeJDjDqboZ4suyJVT-gQzwzRq4yKL1qzRZJBI/pub	photobooth rental Culver City
document view	photobooth rental Culver City view		https://docs.google.com/document/d/1V5Na7mjeJDjDqboZ4suyJVT-gQzwzRq4yKL1qzRZJBI/view	photobooth rental Culver City
document	renting a photo booth in Culver City		https://docs.google.com/document/d/1jeDDAI65gYlt4_T0M7eOU1ekw8ApC7AQy7GFzXUoOpQ/edit?usp=sharing	renting a photo booth in Culver City
document pub	renting a photo booth in Culver City pub		https://docs.google.com/document/d/1jeDDAI65gYlt4_T0M7eOU1ekw8ApC7AQy7GFzXUoOpQ/pub	renting a photo booth in Culver City
document view	renting a photo booth in Culver City view		https://docs.google.com/document/d/1jeDDAI65gYlt4_T0M7eOU1ekw8ApC7AQy7GFzXUoOpQ/view	renting a photo booth in Culver City
link	rent a photobooth Culver City		https://sites.google.com/view/culvercityphotoboothrentals	rent a photobooth Culver City
link	rent a photobooth Culver City		https://sites.google.com/view/culvercityphotoboothrentals/culver-city-photo-booths	rent a photobooth Culver City
link	rent a photobooth Culver City		https://sites.google.com/view/photobooth-rental-culver-city/home	rent a photobooth Culver City
link	rent a photobooth Culver City		https://sites.google.com/view/photobooth-rental-culver-city/culver-city-photo-booths	rent a photobooth Culver City
link	rent a photobooth Culver City		https://sites.google.com/view/photobooth-rental-culver-city/video-booth-rentals-culver-city	rent a photobooth Culver City
comment	spreadsheet		https://docs.google.com/spreadsheets/d/1mQ7rKX1tj9YhcxXbAlX9ntNUdrSxLjxJvJIen7ZW-9c/edit?disco=AAABOvX87o4	spreadsheet comment
comment	drawing		https://docs.google.com/drawings/d/1hhxRkmPoauhHg1CR1AQxgd_ZxU2GprXzObWqkKjqCoM/edit?disco=AAABL2I0Wt8	drawing comment
comment	document		https://docs.google.com/document/d/1jeDDAI65gYlt4_T0M7eOU1ekw8ApC7AQy7GFzXUoOpQ/edit?disco=AAABScVEJZs	document comment
comment	document		https://docs.google.com/document/d/1V5Na7mjeJDjDqboZ4suyJVT-gQzwzRq4yKL1qzRZJBI/edit?disco=AAABSoFgv6s	document comment
comment	document		https://docs.google.com/document/d/1WLEicgHobY4gGr-qbqdkcUdrgXjKUlxlnOlhGgqFXjM/edit?disco=AAABSv7Zaao	document comment
comment	document		https://docs.google.com/document/d/1Y2ZxpArBSIpGat06UHfUmf-bxned60riALquaXWL0ik/edit?disco=AAABSc7LXqA	document comment
comment	document		https://docs.google.com/document/d/1d6lLKhWz4e3sbvJ7DoH-gOmqFNnAgCUZ2lBPugNVdUA/edit?disco=AAABSuhMNP0	document comment
comment	document		https://docs.google.com/document/d/15jckTTQQcSDQ3d_B249WPYSv5HJBKx-BfLlSdPZBmkk/edit?disco=AAABSVFJxrY	document comment
comment	document		https://docs.google.com/document/d/1VClmt4cNE5v2vJvNU7YMEK6EU7o-R92n3Xl2uANZcrM/edit?disco=AAABL1Y2B-I	document comment
comment	document		https://docs.google.com/document/d/1crTEIFEq9_YVrIO2EFVz_4tdKKYoAK_Qyi8AMiSN3CM/edit?disco=AAABSavwRw0	document comment
comment	document		https://docs.google.com/document/d/1hdee9TBx-_OSDTuA0aPlO_hIYSsk7tLybIoxjaffqjU/edit?disco=AAABSupbfnQ	document comment
comment	document		https://docs.google.com/document/d/1yP1k4wx9bi0Upv6z745qfMtmAfoHnzsvA9olcnzguKo/edit?disco=AAABSdXCGFI	document comment
comment	document		https://docs.google.com/document/d/10P-d-T8jlr4n8m6k5jS-RvUt6iMY0mRVNOFxqms2ljM/edit?disco=AAABOvWDHmo	document comment
comment	document		https://docs.google.com/document/d/12m16mwlrIsW_vDWOHinCGI8x0a8K9TL9Q0BdlX4QOf4/edit?disco=AAABSuWXJ_U	document comment
comment	document		https://docs.google.com/document/d/100zxZF75ldbjVqpRuYJ--Uxps6DoQx4eSKstvja6roE/edit?disco=AAABSbMLJ2c	document comment
comment	document		https://docs.google.com/document/d/1RFADyqhtSZlo5tX6WZsRlOyhYHvgZMWBx6TfTg_DI10/edit?disco=AAABSwYSbRc	document comment
comment	document		https://docs.google.com/document/d/1YfIS-GllTW0qqz8nOk-C1vJ692XWY7a4vEmYWNWdy04/edit?disco=AAABL08DOso	document comment
comment	document		https://docs.google.com/document/d/1fa3OyIHDOpmBzi6tiIxTI4sAupNVWW47qOLH3aEotV8/edit?disco=AAABSuQdVFQ	document comment
comment	document		https://docs.google.com/document/d/1051K_uquJEwJxt9iEWnPMNtKpMsjPT2gXO7Yjc7Fc48/edit?disco=AAABSvnmgZ0	document comment
comment	document		https://docs.google.com/document/d/1qOoS7bwE-ha5AQewRTUS4OZ8Xi3lcQ7tCxSq2LqkJoA/edit?disco=AAABSuvAGCg	document comment
comment	document		https://docs.google.com/document/d/1ORRwAjf1mEeRGPbZFw7eNhwtuqBhk8CNhznD50-8VfI/edit?disco=AAABSbeqjF8	document comment
comment	document		https://docs.google.com/document/d/1j4CcQ9Ot3Oekiq9ihXWriATpxSpTpLjwA3lQT3mE5ZM/edit?disco=AAABSbArPT0	document comment
comment	document		https://docs.google.com/document/d/1-PWvtAB0pqpmGVA5mkyU2a8qMZnMtqCh3KmZOq9oI38/edit?disco=AAABScG-mqs	document comment
comment	presentation		https://docs.google.com/presentation/d/1kklMLXQmEzDX2n3H3EhQYsjLUqb568_C41rGUzAruUI/edit?disco=AAABSwdTmJY	presentation comment